,Month,Country,VALUE,Year
0,January,UK,361500.0,2010
2,January,Belgium,12500.0,2010
3,January,Germany,45300.0,2010
4,January,Spain,68600.0,2010
5,January,France,48900.0,2010
6,January,Italy,24600.0,2010
7,January,Netherlands,24000.0,2010
8,January,Poland,43200.0,2010
9,January,Portugal,8000.0,2010
11,January,Switzerland,12300.0,2010
13,January,US,51700.0,2010
15,January,UAE,7600.0,2010
17,February,UK,419300.0,2010
19,February,Belgium,14300.0,2010
20,February,Germany,43900.0,2010
21,February,Spain,65900.0,2010
22,February,France,49100.0,2010
23,February,Italy,26500.0,2010
24,February,Netherlands,23800.0,2010
25,February,Poland,35800.0,2010
26,February,Portugal,7700.0,2010
28,February,Switzerland,12000.0,2010
30,February,US,41500.0,2010
32,February,UAE,6500.0,2010
34,March,UK,518400.0,2010
36,March,Belgium,16300.0,2010
37,March,Germany,56900.0,2010
38,March,Spain,81000.0,2010
39,March,France,59300.0,2010
40,March,Italy,30700.0,2010
41,March,Netherlands,28000.0,2010
42,March,Poland,39500.0,2010
43,March,Portugal,9500.0,2010
45,March,Switzerland,13300.0,2010
47,March,US,63000.0,2010
49,March,UAE,7600.0,2010
51,April,UK,455300.0,2010
53,April,Belgium,10200.0,2010
54,April,Germany,44400.0,2010
55,April,Spain,81100.0,2010
56,April,France,74400.0,2010
57,April,Italy,30200.0,2010
58,April,Netherlands,22400.0,2010
59,April,Poland,33600.0,2010
60,April,Portugal,18300.0,2010
62,April,Switzerland,8600.0,2010
64,April,US,59400.0,2010
66,April,UAE,8400.0,2010
68,May,UK,506600.0,2010
70,May,Belgium,12200.0,2010
71,May,Germany,59100.0,2010
72,May,Spain,125700.0,2010
73,May,France,87500.0,2010
74,May,Italy,38900.0,2010
75,May,Netherlands,27700.0,2010
76,May,Poland,41800.0,2010
77,May,Portugal,30900.0,2010
79,May,Switzerland,10100.0,2010
81,May,US,79000.0,2010
83,May,UAE,8300.0,2010
85,June,UK,514299.99999999994,2010
87,June,Belgium,13400.0,2010
88,June,Germany,58000.0,2010
89,June,Spain,159400.0,2010
90,June,France,103900.0,2010
91,June,Italy,47100.0,2010
92,June,Netherlands,29200.0,2010
93,June,Poland,43700.0,2010
94,June,Portugal,37600.0,2010
96,June,Switzerland,10000.0,2010
98,June,US,94400.0,2010
100,June,UAE,8200.0,2010
102,July,UK,671100.0,2010
104,July,Belgium,15100.0,2010
105,July,Germany,71400.0,2010
106,July,Spain,193300.0,2010
107,July,France,135200.0,2010
108,July,Italy,61200.0,2010
109,July,Netherlands,32700.000000000004,2010
110,July,Poland,48500.0,2010
111,July,Portugal,47300.0,2010
113,July,Switzerland,12700.0,2010
115,July,US,94300.0,2010
117,July,UAE,9200.0,2010
119,August,UK,698600.0,2010
121,August,Belgium,13900.0,2010
122,August,Germany,74000.0,2010
123,August,Spain,192000.0,2010
124,August,France,133000.0,2010
125,August,Italy,58700.0,2010
126,August,Netherlands,31000.0,2010
127,August,Poland,48400.0,2010
128,August,Portugal,50000.0,2010
130,August,Switzerland,12100.0,2010
132,August,US,98700.0,2010
134,August,UAE,9900.0,2010
136,September,UK,520799.99999999994,2010
138,September,Belgium,13100.0,2010
139,September,Germany,64200.0,2010
140,September,Spain,148700.0,2010
141,September,France,91600.0,2010
142,September,Italy,48400.0,2010
143,September,Netherlands,29900.0,2010
144,September,Poland,43400.0,2010
145,September,Portugal,38900.0,2010
147,September,Switzerland,10300.0,2010
149,September,US,85600.0,2010
151,September,UAE,9800.0,2010
153,October,UK,544000.0,2010
155,October,Belgium,14100.0,2010
156,October,Germany,62900.0,2010
157,October,Spain,133700.0,2010
158,October,France,76800.0,2010
159,October,Italy,45100.0,2010
160,October,Netherlands,31400.0,2010
161,October,Poland,42100.0,2010
162,October,Portugal,31800.0,2010
164,October,Switzerland,10800.0,2010
166,October,US,76500.0,2010
168,October,UAE,7500.0,2010
170,November,UK,447700.0,2010
172,November,Belgium,14800.0,2010
173,November,Germany,44500.0,2010
174,November,Spain,68200.0,2010
175,November,France,43800.0,2010
176,November,Italy,24500.0,2010
177,November,Netherlands,28800.0,2010
178,November,Poland,33000.0,2010
179,November,Portugal,8500.0,2010
181,November,Switzerland,7600.0,2010
183,November,US,63800.0,2010
185,November,UAE,7900.0,2010
187,December,UK,428900.0,2010
189,December,Belgium,12300.0,2010
190,December,Germany,43700.0,2010
191,December,Spain,48600.0,2010
192,December,France,41000.0,2010
193,December,Italy,18400.0,2010
194,December,Netherlands,24400.0,2010
195,December,Poland,31500.0,2010
196,December,Portugal,5500.0,2010
198,December,Switzerland,8900.0,2010
200,December,US,63200.0,2010
202,December,UAE,8100.0,2010
204,January,UK,368000.0,2011
206,January,Belgium,11300.0,2011
207,January,Germany,43800.0,2011
208,January,Spain,67200.0,2011
209,January,France,47900.0,2011
210,January,Italy,23000.0,2011
211,January,Netherlands,26600.0,2011
212,January,Poland,39400.0,2011
213,January,Portugal,7200.0,2011
215,January,Switzerland,12100.0,2011
217,January,US,46000.0,2011
219,January,UAE,9600.0,2011
221,February,UK,402100.0,2011
223,February,Belgium,13000.0,2011
224,February,Germany,41000.0,2011
225,February,Spain,63800.0,2011
226,February,France,52800.0,2011
227,February,Italy,24400.0,2011
228,February,Netherlands,25800.0,2011
229,February,Poland,30400.0,2011
230,February,Portugal,7200.0,2011
232,February,Switzerland,12500.0,2011
234,February,US,39600.0,2011
236,February,UAE,7600.0,2011
238,March,UK,472400.0,2011
240,March,Belgium,15900.0,2011
241,March,Germany,53800.0,2011
242,March,Spain,87500.0,2011
243,March,France,58900.0,2011
244,March,Italy,31300.0,2011
245,March,Netherlands,31200.0,2011
246,March,Poland,36500.0,2011
247,March,Portugal,12700.0,2011
249,March,Switzerland,13300.0,2011
251,March,US,63200.0,2011
253,March,UAE,9000.0,2011
255,April,UK,538200.0,2011
257,April,Belgium,15000.0,2011
258,April,Germany,59600.0,2011
259,April,Spain,117900.0,2011
260,April,France,81400.0,2011
261,April,Italy,38100.0,2011
262,April,Netherlands,31900.0,2011
263,April,Poland,38900.0,2011
264,April,Portugal,24500.0,2011
266,April,Switzerland,11500.0,2011
268,April,US,69600.0,2011
270,April,UAE,9800.0,2011
272,May,UK,540500.0,2011
274,May,Belgium,15200.0,2011
275,May,Germany,66300.0,2011
276,May,Spain,139000.0,2011
277,May,France,88300.0,2011
278,May,Italy,44000.0,2011
279,May,Netherlands,33000.0,2011
280,May,Poland,45300.0,2011
281,May,Portugal,42000.0,2011
283,May,Switzerland,12500.0,2011
285,May,US,87600.0,2011
287,May,UAE,9900.0,2011
289,June,UK,511200.0,2011
291,June,Belgium,14600.0,2011
292,June,Germany,63400.0,2011
293,June,Spain,166400.0,2011
294,June,France,99000.0,2011
295,June,Italy,48800.0,2011
296,June,Netherlands,31200.0,2011
297,June,Poland,41800.0,2011
298,June,Portugal,36500.0,2011
300,June,Switzerland,12100.0,2011
302,June,US,97500.0,2011
304,June,UAE,9600.0,2011
306,July,UK,665200.0,2011
308,July,Belgium,16500.0,2011
309,July,Germany,71500.0,2011
310,July,Spain,197300.0,2011
311,July,France,125900.0,2011
312,July,Italy,61100.0,2011
313,July,Netherlands,35800.0,2011
314,July,Poland,46600.0,2011
315,July,Portugal,45900.0,2011
317,July,Switzerland,15400.0,2011
319,July,US,98900.0,2011
321,July,UAE,11100.0,2011
323,August,UK,696900.0,2011
325,August,Belgium,14500.0,2011
326,August,Germany,72500.0,2011
327,August,Spain,186700.0,2011
328,August,France,120800.0,2011
329,August,Italy,57200.0,2011
330,August,Netherlands,34000.0,2011
331,August,Poland,49200.0,2011
332,August,Portugal,43200.0,2011
334,August,Switzerland,14100.0,2011
336,August,US,98900.0,2011
338,August,UAE,10700.0,2011
340,September,UK,496400.0,2011
342,September,Belgium,13600.0,2011
343,September,Germany,61800.0,2011
344,September,Spain,150100.0,2011
345,September,France,86300.0,2011
346,September,Italy,44300.0,2011
347,September,Netherlands,32900.0,2011
348,September,Poland,45300.0,2011
349,September,Portugal,37900.0,2011
351,September,Switzerland,12000.0,2011
353,September,US,92500.0,2011
355,September,UAE,10100.0,2011
357,October,UK,482400.0,2011
359,October,Belgium,14300.0,2011
360,October,Germany,59000.0,2011
361,October,Spain,127100.0,2011
362,October,France,66600.0,2011
363,October,Italy,38600.0,2011
364,October,Netherlands,32900.0,2011
365,October,Poland,38500.0,2011
366,October,Portugal,28000.0,2011
368,October,Switzerland,11600.0,2011
370,October,US,69700.0,2011
372,October,UAE,8400.0,2011
374,November,UK,437800.0,2011
376,November,Belgium,13100.0,2011
377,November,Germany,45200.0,2011
378,November,Spain,73800.0,2011
379,November,France,45100.0,2011
380,November,Italy,23600.0,2011
381,November,Netherlands,28600.0,2011
382,November,Poland,31400.0,2011
383,November,Portugal,8700.0,2011
385,November,Switzerland,8200.0,2011
387,November,US,61600.0,2011
389,November,UAE,9300.0,2011
391,December,UK,463600.0,2011
393,December,Belgium,13500.0,2011
394,December,Germany,48100.0,2011
395,December,Spain,53700.0,2011
396,December,France,42100.0,2011
397,December,Italy,20700.0,2011
398,December,Netherlands,28100.0,2011
399,December,Poland,31000.0,2011
400,December,Portugal,4900.0,2011
402,December,Switzerland,10000.0,2011
404,December,US,57700.0,2011
406,December,UAE,10000.0,2011
408,January,UK,345400.0,2012
410,January,Belgium,10500.0,2012
411,January,Germany,42200.0,2012
412,January,Spain,67000.0,2012
413,January,France,45600.0,2012
414,January,Italy,20800.0,2012
415,January,Netherlands,25700.0,2012
416,January,Poland,37000.0,2012
417,January,Portugal,5900.0,2012
419,January,Switzerland,11700.0,2012
421,January,US,44500.0,2012
423,January,UAE,12500.0,2012
425,February,UK,403200.0,2012
427,February,Belgium,12400.0,2012
428,February,Germany,41800.0,2012
429,February,Spain,63000.0,2012
430,February,France,45200.0,2012
431,February,Italy,22300.0,2012
432,February,Netherlands,26500.0,2012
433,February,Poland,27300.0,2012
434,February,Portugal,6200.0,2012
436,February,Switzerland,11900.0,2012
438,February,US,41100.0,2012
440,February,UAE,15000.0,2012
442,March,UK,478800.0,2012
444,March,Belgium,15300.0,2012
445,March,Germany,55100.0,2012
446,March,Spain,78400.0,2012
447,March,France,57800.0,2012
448,March,Italy,29600.0,2012
449,March,Netherlands,30900.0,2012
450,March,Poland,31600.0,2012
451,March,Portugal,10100.0,2012
453,March,Switzerland,14100.0,2012
455,March,US,61000.0,2012
457,March,UAE,17500.0,2012
459,April,UK,504500.0,2012
461,April,Belgium,16500.0,2012
462,April,Germany,64800.0,2012
463,April,Spain,120000.0,2012
464,April,France,88700.0,2012
465,April,Italy,44400.0,2012
466,April,Netherlands,32900.0,2012
467,April,Poland,40100.0,2012
468,April,Portugal,28400.0,2012
470,April,Switzerland,14600.0,2012
472,April,US,71300.0,2012
474,April,UAE,18100.0,2012
476,May,UK,500600.0,2012
478,May,Belgium,16000.0,2012
479,May,Germany,67800.0,2012
480,May,Spain,130900.0,2012
481,May,France,83000.0,2012
482,May,Italy,42400.0,2012
483,May,Netherlands,32400.0,2012
484,May,Poland,39500.0,2012
485,May,Portugal,31500.0,2012
487,May,Switzerland,13300.0,2012
489,May,US,87700.0,2012
491,May,UAE,17100.0,2012
493,June,UK,520400.0,2012
495,June,Belgium,14700.0,2012
496,June,Germany,64800.0,2012
497,June,Spain,174000.0,2012
498,June,France,104900.0,2012
499,June,Italy,52500.0,2012
500,June,Netherlands,32200.000000000004,2012
501,June,Poland,45600.0,2012
502,June,Portugal,39200.0,2012
504,June,Switzerland,13800.0,2012
506,June,US,97200.0,2012
508,June,UAE,19600.0,2012
510,July,UK,613900.0,2012
512,July,Belgium,17100.0,2012
513,July,Germany,76400.0,2012
514,July,Spain,200600.0,2012
515,July,France,131100.0,2012
516,July,Italy,66500.0,2012
517,July,Netherlands,36600.0,2012
518,July,Poland,42600.0,2012
519,July,Portugal,47900.0,2012
521,July,Switzerland,17400.0,2012
523,July,US,95300.0,2012
525,July,UAE,19900.0,2012
527,August,UK,664600.0,2012
529,August,Belgium,15300.0,2012
530,August,Germany,78600.0,2012
531,August,Spain,193500.0,2012
532,August,France,126500.0,2012
533,August,Italy,62800.0,2012
534,August,Netherlands,34900.0,2012
535,August,Poland,48900.0,2012
536,August,Portugal,45400.0,2012
538,August,Switzerland,16200.0,2012
540,August,US,104200.0,2012
542,August,UAE,22000.0,2012
544,September,UK,490000.0,2012
546,September,Belgium,15700.0,2012
547,September,Germany,67200.0,2012
548,September,Spain,159900.0,2012
549,September,France,86200.0,2012
550,September,Italy,52000.0,2012
551,September,Netherlands,32800.0,2012
552,September,Poland,44700.0,2012
553,September,Portugal,42000.0,2012
555,September,Switzerland,13000.0,2012
557,September,US,92600.0,2012
559,September,UAE,20800.0,2012
561,October,UK,484500.0,2012
563,October,Belgium,17000.0,2012
564,October,Germany,65300.0,2012
565,October,Spain,143600.0,2012
566,October,France,70300.0,2012
567,October,Italy,43600.0,2012
568,October,Netherlands,33500.0,2012
569,October,Poland,39600.0,2012
570,October,Portugal,35800.0,2012
572,October,Switzerland,13000.0,2012
574,October,US,72100.0,2012
576,October,UAE,15000.0,2012
578,November,UK,428700.0,2012
580,November,Belgium,16300.0,2012
581,November,Germany,46100.0,2012
582,November,Spain,76700.0,2012
583,November,France,45500.0,2012
584,November,Italy,25700.0,2012
585,November,Netherlands,28900.0,2012
586,November,Poland,33300.0,2012
587,November,Portugal,11700.0,2012
589,November,Switzerland,8700.0,2012
591,November,US,67600.0,2012
593,November,UAE,18200.0,2012
595,December,UK,469700.0,2012
597,December,Belgium,16800.0,2012
598,December,Germany,52000.0,2012
599,December,Spain,52200.0,2012
600,December,France,45600.0,2012
601,December,Italy,21900.0,2012
602,December,Netherlands,29300.0,2012
603,December,Poland,36000.0,2012
604,December,Portugal,4900.0,2012
606,December,Switzerland,10300.0,2012
608,December,US,64000.0,2012
610,December,UAE,21300.0,2012
612,January,UK,325600.0,2013
614,January,Belgium,13400.0,2013
615,January,Germany,43500.0,2013
616,January,Spain,65000.0,2013
617,January,France,42600.0,2013
618,January,Italy,22600.0,2013
619,January,Netherlands,24800.0,2013
620,January,Poland,43600.0,2013
621,January,Portugal,6100.0,2013
623,January,Switzerland,11300.0,2013
625,January,US,49500.0,2013
627,January,UAE,21000.0,2013
629,February,UK,386800.0,2013
631,February,Belgium,15000.0,2013
632,February,Germany,42700.0,2013
633,February,Spain,59600.0,2013
634,February,France,42500.0,2013
635,February,Italy,23500.0,2013
636,February,Netherlands,25100.0,2013
637,February,Poland,31100.0,2013
638,February,Portugal,6400.0,2013
640,February,Switzerland,11200.0,2013
642,February,US,41600.0,2013
644,February,UAE,17200.0,2013
646,March,UK,494400.0,2013
648,March,Belgium,19600.0,2013
649,March,Germany,61000.0,2013
650,March,Spain,85100.0,2013
651,March,France,70100.0,2013
652,March,Italy,34100.0,2013
653,March,Netherlands,32299.999999999996,2013
654,March,Poland,33600.0,2013
655,March,Portugal,11000.0,2013
657,March,Switzerland,15200.0,2013
659,March,US,67600.0,2013
661,March,UAE,20900.0,2013
663,April,UK,467300.0,2013
665,April,Belgium,18900.0,2013
666,April,Germany,63000.0,2013
667,April,Spain,121100.0,2013
668,April,France,85200.0,2013
669,April,Italy,42300.0,2013
670,April,Netherlands,35800.0,2013
671,April,Poland,43500.0,2013
672,April,Portugal,26600.0,2013
674,April,Switzerland,14000.0,2013
676,April,US,77700.0,2013
678,April,UAE,21800.0,2013
680,May,UK,521799.99999999994,2013
682,May,Belgium,19700.0,2013
683,May,Germany,73000.0,2013
684,May,Spain,142900.0,2013
685,May,France,93200.0,2013
686,May,Italy,42600.0,2013
687,May,Netherlands,36700.0,2013
688,May,Poland,40100.0,2013
689,May,Portugal,39100.0,2013
691,May,Switzerland,14100.0,2013
693,May,US,101900.0,2013
695,May,UAE,19200.0,2013
697,June,UK,496900.0,2013
699,June,Belgium,18300.0,2013
700,June,Germany,66900.0,2013
701,June,Spain,191000.0,2013
702,June,France,106100.0,2013
703,June,Italy,53700.0,2013
704,June,Netherlands,35000.0,2013
705,June,Poland,37200.0,2013
706,June,Portugal,47300.0,2013
708,June,Switzerland,13400.0,2013
710,June,US,119900.0,2013
712,June,UAE,20100.0,2013
714,July,UK,643500.0,2013
716,July,Belgium,19100.0,2013
717,July,Germany,78600.0,2013
718,July,Spain,219700.0,2013
719,July,France,132900.0,2013
720,July,Italy,64400.00000000001,2013
721,July,Netherlands,41300.0,2013
722,July,Poland,44200.0,2013
723,July,Portugal,54500.0,2013
725,July,Switzerland,18700.0,2013
727,July,US,120200.0,2013
729,July,UAE,23800.0,2013
731,August,UK,681800.0,2013
733,August,Belgium,18000.0,2013
734,August,Germany,80400.0,2013
735,August,Spain,207000.0,2013
736,August,France,123500.0,2013
737,August,Italy,62600.0,2013
738,August,Netherlands,38500.0,2013
739,August,Poland,46800.0,2013
740,August,Portugal,53900.0,2013
742,August,Switzerland,16800.0,2013
744,August,US,125000.0,2013
746,August,UAE,27000.0,2013
748,September,UK,502500.0,2013
750,September,Belgium,17200.0,2013
751,September,Germany,71100.0,2013
752,September,Spain,162300.0,2013
753,September,France,87600.0,2013
754,September,Italy,50700.0,2013
755,September,Netherlands,34200.0,2013
756,September,Poland,44000.0,2013
757,September,Portugal,46000.0,2013
759,September,Switzerland,12800.0,2013
761,September,US,107800.0,2013
763,September,UAE,22800.0,2013
765,October,UK,503500.0,2013
767,October,Belgium,18800.0,2013
768,October,Germany,70500.0,2013
769,October,Spain,141300.0,2013
770,October,France,71000.0,2013
771,October,Italy,46000.0,2013
772,October,Netherlands,36100.0,2013
773,October,Poland,40100.0,2013
774,October,Portugal,35700.0,2013
776,October,Switzerland,13200.0,2013
778,October,US,83800.0,2013
780,October,UAE,16800.0,2013
782,November,UK,454400.0,2013
784,November,Belgium,16100.000000000002,2013
785,November,Germany,48500.0,2013
786,November,Spain,75900.0,2013
787,November,France,46200.0,2013
788,November,Italy,23500.0,2013
789,November,Netherlands,30200.0,2013
790,November,Poland,33400.0,2013
791,November,Portugal,10900.0,2013
793,November,Switzerland,8500.0,2013
795,November,US,69800.0,2013
797,November,UAE,19800.0,2013
799,December,UK,509400.0,2013
801,December,Belgium,17000.0,2013
802,December,Germany,53600.0,2013
803,December,Spain,52600.0,2013
804,December,France,46100.0,2013
805,December,Italy,20800.0,2013
806,December,Netherlands,31300.0,2013
807,December,Poland,31100.0,2013
808,December,Portugal,5600.0,2013
810,December,Switzerland,10600.0,2013
812,December,US,73700.0,2013
814,December,UAE,23000.0,2013
816,January,UK,365500.0,2014
818,January,Belgium,12600.0,2014
819,January,Germany,45500.0,2014
820,January,Spain,68400.0,2014
821,January,France,48000.0,2014
822,January,Italy,21600.0,2014
823,January,Netherlands,28000.0,2014
824,January,Poland,37700.0,2014
825,January,Portugal,7100.0,2014
827,January,Switzerland,10700.0,2014
829,January,US,52800.0,2014
831,January,UAE,22800.0,2014
833,February,UK,422600.0,2014
835,February,Belgium,14200.0,2014
836,February,Germany,43900.0,2014
837,February,Spain,59800.0,2014
838,February,France,47800.0,2014
839,February,Italy,22400.0,2014
840,February,Netherlands,28100.0,2014
841,February,Poland,30000.0,2014
842,February,Portugal,6100.0,2014
844,February,Switzerland,11400.0,2014
846,February,US,43300.0,2014
848,February,UAE,17600.0,2014
850,March,UK,484000.0,2014
852,March,Belgium,17600.0,2014
853,March,Germany,58800.0,2014
854,March,Spain,72800.0,2014
855,March,France,64900.00000000001,2014
856,March,Italy,29100.0,2014
857,March,Netherlands,32900.0,2014
858,March,Poland,32299.999999999996,2014
859,March,Portugal,8700.0,2014
861,March,Switzerland,14100.0,2014
863,March,US,68900.0,2014
865,March,UAE,22600.0,2014
867,April,UK,549500.0,2014
869,April,Belgium,19400.0,2014
870,April,Germany,75600.0,2014
871,April,Spain,126400.0,2014
872,April,France,99200.0,2014
873,April,Italy,44000.0,2014
874,April,Netherlands,35900.0,2014
875,April,Poland,35400.0,2014
876,April,Portugal,32800.0,2014
878,April,Switzerland,13500.0,2014
880,April,US,85200.0,2014
882,April,UAE,23700.0,2014
884,May,UK,554100.0,2014
886,May,Belgium,17700.0,2014
887,May,Germany,77500.0,2014
888,May,Spain,143800.0,2014
889,May,France,97200.0,2014
890,May,Italy,46900.0,2014
891,May,Netherlands,35700.0,2014
892,May,Poland,38400.0,2014
893,May,Portugal,42100.0,2014
895,May,Switzerland,13100.0,2014
897,May,US,114100.0,2014
899,May,UAE,23000.0,2014
901,June,UK,525600.0,2014
903,June,Belgium,16900.0,2014
904,June,Germany,78100.0,2014
905,June,Spain,188500.0,2014
906,June,France,113900.0,2014
907,June,Italy,57600.0,2014
908,June,Netherlands,36800.0,2014
909,June,Poland,35300.0,2014
910,June,Portugal,50400.0,2014
912,June,Switzerland,13200.0,2014
914,June,US,134300.0,2014
916,June,UAE,22200.0,2014
918,July,UK,678800.0,2014
920,July,Belgium,19200.0,2014
921,July,Germany,87600.0,2014
922,July,Spain,220900.0,2014
923,July,France,156000.0,2014
924,July,Italy,71600.0,2014
925,July,Netherlands,41900.0,2014
926,July,Poland,39900.0,2014
927,July,Portugal,58600.0,2014
929,July,Switzerland,20300.0,2014
931,July,US,127800.0,2014
933,July,UAE,27500.0,2014
935,August,UK,714300.0,2014
937,August,Belgium,16600.0,2014
938,August,Germany,93900.0,2014
939,August,Spain,213100.0,2014
940,August,France,148500.0,2014
941,August,Italy,69200.0,2014
942,August,Netherlands,38800.0,2014
943,August,Poland,45400.0,2014
944,August,Portugal,57700.0,2014
946,August,Switzerland,18200.0,2014
948,August,US,135800.0,2014
950,August,UAE,30600.0,2014
952,September,UK,528700.0,2014
954,September,Belgium,17800.0,2014
955,September,Germany,78000.0,2014
956,September,Spain,159000.0,2014
957,September,France,92300.0,2014
958,September,Italy,50600.0,2014
959,September,Netherlands,35000.0,2014
960,September,Poland,40900.0,2014
961,September,Portugal,49300.0,2014
963,September,Switzerland,13900.0,2014
965,September,US,118900.0,2014
967,September,UAE,27400.0,2014
969,October,UK,548800.0,2014
971,October,Belgium,19800.0,2014
972,October,Germany,74800.0,2014
973,October,Spain,147700.0,2014
974,October,France,80300.0,2014
975,October,Italy,43800.0,2014
976,October,Netherlands,35800.0,2014
977,October,Poland,38700.0,2014
978,October,Portugal,43100.0,2014
980,October,Switzerland,14300.0,2014
982,October,US,94800.0,2014
984,October,UAE,21800.0,2014
986,November,UK,484200.0,2014
988,November,Belgium,19200.0,2014
989,November,Germany,54300.0,2014
990,November,Spain,82600.0,2014
991,November,France,51400.0,2014
992,November,Italy,30200.0,2014
993,November,Netherlands,31300.0,2014
994,November,Poland,36600.0,2014
995,November,Portugal,14900.0,2014
997,November,Switzerland,9500.0,2014
999,November,US,72800.0,2014
1001,November,UAE,26100.0,2014
1003,December,UK,536700.0,2014
1005,December,Belgium,19300.0,2014
1006,December,Germany,56900.0,2014
1007,December,Spain,58700.0,2014
1008,December,France,52900.0,2014
1009,December,Italy,26700.0,2014
1010,December,Netherlands,30800.0,2014
1011,December,Poland,33300.0,2014
1012,December,Portugal,8900.0,2014
1014,December,Switzerland,12700.0,2014
1016,December,US,74200.0,2014
1018,December,UAE,30400.0,2014
1020,January,UK,392200.0,2015
1022,January,Belgium,15600.0,2015
1023,January,Germany,48800.0,2015
1024,January,Spain,77700.0,2015
1025,January,France,55000.0,2015
1026,January,Italy,28800.0,2015
1027,January,Netherlands,27700.0,2015
1028,January,Poland,41600.0,2015
1029,January,Portugal,11100.0,2015
1031,January,Switzerland,12800.0,2015
1033,January,US,51500.0,2015
1035,January,UAE,31700.0,2015
1037,February,UK,453900.0,2015
1039,February,Belgium,18500.0,2015
1040,February,Germany,51400.0,2015
1041,February,Spain,71200.0,2015
1042,February,France,60600.0,2015
1043,February,Italy,33300.0,2015
1044,February,Netherlands,28600.0,2015
1045,February,Poland,35000.0,2015
1046,February,Portugal,11000.0,2015
1048,February,Switzerland,13400.0,2015
1050,February,US,43000.0,2015
1052,February,UAE,22800.0,2015
1054,March,UK,556900.0,2015
1056,March,Belgium,22000.0,2015
1057,March,Germany,68200.0,2015
1058,March,Spain,91100.0,2015
1059,March,France,68400.0,2015
1060,March,Italy,36000.0,2015
1061,March,Netherlands,32900.0,2015
1062,March,Poland,38100.0,2015
1063,March,Portugal,14300.0,2015
1065,March,Switzerland,15900.0,2015
1067,March,US,68200.0,2015
1069,March,UAE,28800.0,2015
1071,April,UK,573000.0,2015
1073,April,Belgium,25400.0,2015
1074,April,Germany,84500.0,2015
1075,April,Spain,134700.0,2015
1076,April,France,99100.0,2015
1077,April,Italy,51500.0,2015
1078,April,Netherlands,37300.0,2015
1079,April,Poland,40800.0,2015
1080,April,Portugal,34300.0,2015
1082,April,Switzerland,16100.000000000002,2015
1084,April,US,87100.0,2015
1086,April,UAE,33300.0,2015
1088,May,UK,595100.0,2015
1090,May,Belgium,23900.0,2015
1091,May,Germany,91200.0,2015
1092,May,Spain,154900.0,2015
1093,May,France,99600.0,2015
1094,May,Italy,53600.0,2015
1095,May,Netherlands,36600.0,2015
1096,May,Poland,41300.0,2015
1097,May,Portugal,44200.0,2015
1099,May,Switzerland,16000.0,2015
1101,May,US,124500.0,2015
1103,May,UAE,27600.0,2015
1105,June,UK,580500.0,2015
1107,June,Belgium,24200.0,2015
1108,June,Germany,85100.0,2015
1109,June,Spain,214300.0,2015
1110,June,France,126700.0,2015
1111,June,Italy,72200.0,2015
1112,June,Netherlands,36400.0,2015
1113,June,Poland,39100.0,2015
1114,June,Portugal,57000.0,2015
1116,June,Switzerland,16800.0,2015
1118,June,US,149800.0,2015
1120,June,UAE,28600.0,2015
1122,July,UK,733900.0,2015
1124,July,Belgium,27100.0,2015
1125,July,Germany,100000.0,2015
1126,July,Spain,243800.0,2015
1127,July,France,157000.0,2015
1128,July,Italy,85500.0,2015
1129,July,Netherlands,40900.0,2015
1130,July,Poland,43200.0,2015
1131,July,Portugal,62500.0,2015
1133,July,Switzerland,22700.0,2015
1135,July,US,149400.0,2015
1137,July,UAE,36400.0,2015
1139,August,UK,745900.0,2015
1141,August,Belgium,23800.0,2015
1142,August,Germany,103900.0,2015
1143,August,Spain,214800.0,2015
1144,August,France,142900.0,2015
1145,August,Italy,81000.0,2015
1146,August,Netherlands,38100.0,2015
1147,August,Poland,46400.0,2015
1148,August,Portugal,60100.0,2015
1150,August,Switzerland,21400.0,2015
1152,August,US,152600.0,2015
1154,August,UAE,38400.0,2015
1156,September,UK,576000.0,2015
1158,September,Belgium,24100.0,2015
1159,September,Germany,87400.0,2015
1160,September,Spain,178500.0,2015
1161,September,France,103900.0,2015
1162,September,Italy,62400.0,2015
1163,September,Netherlands,35100.0,2015
1164,September,Poland,41300.0,2015
1165,September,Portugal,50800.0,2015
1167,September,Switzerland,16900.0,2015
1169,September,US,131900.0,2015
1171,September,UAE,30900.0,2015
1173,October,UK,630200.0,2015
1175,October,Belgium,25500.0,2015
1176,October,Germany,86100.0,2015
1177,October,Spain,166100.0,2015
1178,October,France,92200.0,2015
1179,October,Italy,54400.0,2015
1180,October,Netherlands,41100.0,2015
1181,October,Poland,41500.0,2015
1182,October,Portugal,44200.0,2015
1184,October,Switzerland,17500.0,2015
1186,October,US,103000.0,2015
1188,October,UAE,24300.0,2015
1190,November,UK,528200.0,2015
1192,November,Belgium,21200.0,2015
1193,November,Germany,60300.0,2015
1194,November,Spain,95800.0,2015
1195,November,France,52600.0,2015
1196,November,Italy,34100.0,2015
1197,November,Netherlands,50300.0,2015
1198,November,Poland,41400.0,2015
1199,November,Portugal,17200.0,2015
1201,November,Switzerland,11800.0,2015
1203,November,US,82000.0,2015
1205,November,UAE,25600.0,2015
1207,December,UK,569000.0,2015
1209,December,Belgium,19200.0,2015
1210,December,Germany,59200.0,2015
1211,December,Spain,70400.0,2015
1212,December,France,54900.0,2015
1213,December,Italy,26500.0,2015
1214,December,Netherlands,46100.0,2015
1215,December,Poland,38700.0,2015
1216,December,Portugal,11100.0,2015
1218,December,Switzerland,14100.0,2015
1220,December,US,82300.0,2015
1222,December,UAE,30800.0,2015
1224,January,UK,446000.0,2016
1226,January,Belgium,17300.0,2016
1227,January,Germany,54300.0,2016
1228,January,Spain,92400.0,2016
1229,January,France,59400.0,2016
1230,January,Italy,32299.999999999996,2016
1231,January,Netherlands,46200.0,2016
1232,January,Poland,46700.0,2016
1233,January,Portugal,13400.0,2016
1235,January,Switzerland,16800.0,2016
1237,January,US,59900.0,2016
1239,January,UAE,31200.0,2016
1241,February,UK,519200.00000000006,2016
1243,February,Belgium,20500.0,2016
1244,February,Germany,55900.0,2016
1245,February,Spain,86500.0,2016
1246,February,France,59300.0,2016
1247,February,Italy,34500.0,2016
1248,February,Netherlands,45500.0,2016
1249,February,Poland,38800.0,2016
1250,February,Portugal,13700.0,2016
1252,February,Switzerland,15900.0,2016
1254,February,US,47400.0,2016
1256,February,UAE,22200.0,2016
1258,March,UK,637200.0,2016
1260,March,Belgium,19500.0,2016
1261,March,Germany,76600.0,2016
1262,March,Spain,115100.0,2016
1263,March,France,73900.0,2016
1264,March,Italy,42900.0,2016
1265,March,Netherlands,51300.0,2016
1266,March,Poland,40200.0,2016
1267,March,Portugal,20500.0,2016
1269,March,Switzerland,20200.0,2016
1271,March,US,86500.0,2016
1273,March,UAE,29300.0,2016
1275,April,UK,590800.0,2016
1277,April,Belgium,15700.0,2016
1278,April,Germany,84700.0,2016
1279,April,Spain,155900.0,2016
1280,April,France,94200.0,2016
1281,April,Italy,52100.0,2016
1282,April,Netherlands,52900.0,2016
1283,April,Poland,45700.0,2016
1284,April,Portugal,37100.0,2016
1286,April,Switzerland,18600.0,2016
1288,April,US,99000.0,2016
1290,April,UAE,30000.0,2016
1292,May,UK,642600.0,2016
1294,May,Belgium,21100.0,2016
1295,May,Germany,95400.0,2016
1296,May,Spain,182400.0,2016
1297,May,France,102800.0,2016
1298,May,Italy,58300.0,2016
1299,May,Netherlands,50100.0,2016
1300,May,Poland,46200.0,2016
1301,May,Portugal,53700.0,2016
1303,May,Switzerland,18800.0,2016
1305,May,US,137700.0,2016
1307,May,UAE,25300.0,2016
1309,June,UK,627100.0,2016
1311,June,Belgium,22900.0,2016
1312,June,Germany,93100.0,2016
1313,June,Spain,227100.0,2016
1314,June,France,137200.0,2016
1315,June,Italy,73500.0,2016
1316,June,Netherlands,49200.0,2016
1317,June,Poland,39900.0,2016
1318,June,Portugal,61700.0,2016
1320,June,Switzerland,18400.0,2016
1322,June,US,161100.0,2016
1324,June,UAE,28300.0,2016
1326,July,UK,784900.0,2016
1328,July,Belgium,25800.0,2016
1329,July,Germany,105900.0,2016
1330,July,Spain,265000.0,2016
1331,July,France,153800.0,2016
1332,July,Italy,87000.0,2016
1333,July,Netherlands,56700.0,2016
1334,July,Poland,44700.0,2016
1335,July,Portugal,71300.0,2016
1337,July,Switzerland,23300.0,2016
1339,July,US,156500.0,2016
1341,July,UAE,37300.0,2016
1343,August,UK,801200.0,2016
1345,August,Belgium,23100.0,2016
1346,August,Germany,109800.0,2016
1347,August,Spain,251100.0,2016
1348,August,France,139800.0,2016
1349,August,Italy,78900.0,2016
1350,August,Netherlands,53700.0,2016
1351,August,Poland,49700.0,2016
1352,August,Portugal,67100.0,2016
1354,August,Switzerland,20500.0,2016
1356,August,US,160600.0,2016
1358,August,UAE,39100.0,2016
1360,September,UK,615000.0,2016
1362,September,Belgium,22200.0,2016
1363,September,Germany,96300.0,2016
1364,September,Spain,202100.0,2016
1365,September,France,101600.0,2016
1366,September,Italy,66400.0,2016
1367,September,Netherlands,50600.0,2016
1368,September,Poland,47300.0,2016
1369,September,Portugal,57600.0,2016
1371,September,Switzerland,17100.0,2016
1373,September,US,150900.0,2016
1375,September,UAE,30700.0,2016
1377,October,UK,619300.0,2016
1379,October,Belgium,23500.0,2016
1380,October,Germany,91300.0,2016
1381,October,Spain,191400.0,2016
1382,October,France,90500.0,2016
1383,October,Italy,58400.0,2016
1384,October,Netherlands,52400.0,2016
1385,October,Poland,46800.0,2016
1386,October,Portugal,50100.0,2016
1388,October,Switzerland,17400.0,2016
1390,October,US,127100.0,2016
1392,October,UAE,22700.0,2016
1394,November,UK,574200.0,2016
1396,November,Belgium,19900.0,2016
1397,November,Germany,63400.0,2016
1398,November,Spain,114300.0,2016
1399,November,France,57300.0,2016
1400,November,Italy,37600.0,2016
1401,November,Netherlands,55600.0,2016
1402,November,Poland,40800.0,2016
1403,November,Portugal,22700.0,2016
1405,November,Switzerland,11700.0,2016
1407,November,US,98300.0,2016
1409,November,UAE,25500.0,2016
1411,December,UK,607100.0,2016
1413,December,Belgium,21200.0,2016
1414,December,Germany,66200.0,2016
1415,December,Spain,83400.0,2016
1416,December,France,55000.0,2016
1417,December,Italy,30800.0,2016
1418,December,Netherlands,51400.0,2016
1419,December,Poland,40500.0,2016
1420,December,Portugal,14600.0,2016
1422,December,Switzerland,14300.0,2016
1424,December,US,98500.0,2016
1426,December,UAE,29000.0,2016
1428,January,UK,484000.0,2017
1430,January,Belgium,18600.0,2017
1431,January,Germany,59200.0,2017
1432,January,Spain,104000.0,2017
1433,January,France,59000.0,2017
1434,January,Italy,33200.0,2017
1435,January,Netherlands,51100.0,2017
1436,January,Poland,46500.0,2017
1437,January,Portugal,17000.0,2017
1439,January,Switzerland,15500.0,2017
1441,January,US,73200.0,2017
1443,January,UAE,32500.0,2017
1445,February,UK,514400.0,2017
1447,February,Belgium,18800.0,2017
1448,February,Germany,56100.0,2017
1449,February,Spain,90200.0,2017
1450,February,France,63500.0,2017
1451,February,Italy,38200.0,2017
1452,February,Netherlands,49100.0,2017
1453,February,Poland,37200.0,2017
1454,February,Portugal,15000.0,2017
1456,February,Switzerland,15200.0,2017
1458,February,US,59200.0,2017
1460,February,UAE,24600.0,2017
1462,March,UK,610100.0,2017
1464,March,Belgium,22500.0,2017
1465,March,Germany,75900.0,2017
1466,March,Spain,118400.0,2017
1467,March,France,73300.0,2017
1468,March,Italy,44000.0,2017
1469,March,Netherlands,58800.0,2017
1470,March,Poland,42100.0,2017
1471,March,Portugal,22300.0,2017
1473,March,Switzerland,18300.0,2017
1475,March,US,99600.0,2017
1477,March,UAE,28900.0,2017
1479,April,UK,653700.0,2017
1481,April,Belgium,22400.0,2017
1482,April,Germany,95000.0,2017
1483,April,Spain,172300.0,2017
1484,April,France,101900.0,2017
1485,April,Italy,56400.0,2017
1486,April,Netherlands,59400.0,2017
1487,April,Poland,41900.0,2017
1488,April,Portugal,46300.0,2017
1490,April,Switzerland,19300.0,2017
1492,April,US,126100.0,2017
1494,April,UAE,34100.0,2017
1496,May,UK,648600.0,2017
1498,May,Belgium,21400.0,2017
1499,May,Germany,95200.0,2017
1500,May,Spain,184100.0,2017
1501,May,France,102400.0,2017
1502,May,Italy,57000.0,2017
1503,May,Netherlands,55600.0,2017
1504,May,Poland,45200.0,2017
1505,May,Portugal,59600.0,2017
1507,May,Switzerland,17400.0,2017
1509,May,US,160800.0,2017
1511,May,UAE,28000.0,2017
1513,June,UK,624100.0,2017
1515,June,Belgium,20900.0,2017
1516,June,Germany,99300.0,2017
1517,June,Spain,248000.0,2017
1518,June,France,121600.0,2017
1519,June,Italy,76500.0,2017
1520,June,Netherlands,56000.0,2017
1521,June,Poland,41100.0,2017
1522,June,Portugal,69700.0,2017
1524,June,Switzerland,19900.0,2017
1526,June,US,185100.0,2017
1528,June,UAE,28700.0,2017
1530,July,UK,780500.0,2017
1532,July,Belgium,22900.0,2017
1533,July,Germany,113500.0,2017
1534,July,Spain,279300.0,2017
1535,July,France,150900.0,2017
1536,July,Italy,89200.0,2017
1537,July,Netherlands,63900.0,2017
1538,July,Poland,44500.0,2017
1539,July,Portugal,76700.0,2017
1541,July,Switzerland,25700.0,2017
1543,July,US,181200.0,2017
1545,July,UAE,35400.0,2017
1547,August,UK,806800.0,2017
1549,August,Belgium,20900.0,2017
1550,August,Germany,113300.0,2017
1551,August,Spain,267800.0,2017
1552,August,France,136700.0,2017
1553,August,Italy,83900.0,2017
1554,August,Netherlands,59800.0,2017
1555,August,Poland,46100.0,2017
1556,August,Portugal,74100.0,2017
1558,August,Switzerland,22700.0,2017
1560,August,US,190600.0,2017
1562,August,UAE,38200.0,2017
1564,September,UK,606100.0,2017
1566,September,Belgium,20900.0,2017
1567,September,Germany,100500.0,2017
1568,September,Spain,213400.0,2017
1569,September,France,104700.0,2017
1570,September,Italy,70100.0,2017
1571,September,Netherlands,57800.0,2017
1572,September,Poland,46000.0,2017
1573,September,Portugal,69800.0,2017
1575,September,Switzerland,19200.0,2017
1577,September,US,177000.0,2017
1579,September,UAE,31300.0,2017
1581,October,UK,609700.0,2017
1583,October,Belgium,21700.0,2017
1584,October,Germany,97400.0,2017
1585,October,Spain,195300.0,2017
1586,October,France,85900.0,2017
1587,October,Italy,58100.0,2017
1588,October,Netherlands,61200.0,2017
1589,October,Poland,44900.0,2017
1590,October,Portugal,55700.0,2017
1592,October,Switzerland,18200.0,2017
1594,October,US,142500.0,2017
1596,October,UAE,23800.0,2017
1598,November,UK,579800.0,2017
1600,November,Belgium,21400.0,2017
1601,November,Germany,76300.0,2017
1602,November,Spain,117300.0,2017
1603,November,France,60000.0,2017
1604,November,Italy,40600.0,2017
1605,November,Netherlands,59100.0,2017
1606,November,Poland,37700.0,2017
1607,November,Portugal,22900.0,2017
1609,November,Switzerland,12800.0,2017
1611,November,US,120300.0,2017
1613,November,UAE,27200.0,2017
1615,December,UK,609800.0,2017
1617,December,Belgium,20800.0,2017
1618,December,Germany,80700.0,2017
1619,December,Spain,87000.0,2017
1620,December,France,57400.0,2017
1621,December,Italy,33800.0,2017
1622,December,Netherlands,55600.0,2017
1623,December,Poland,39100.0,2017
1624,December,Portugal,15300.0,2017
1626,December,Switzerland,15900.0,2017
1628,December,US,112500.0,2017
1630,December,UAE,30800.0,2017
1632,January,UK,496200.0,2018
1634,January,Belgium,18400.0,2018
1635,January,Germany,77500.0,2018
1636,January,Spain,108700.0,2018
1637,January,France,62800.0,2018
1638,January,Italy,36400.0,2018
1639,January,Netherlands,57500.0,2018
1640,January,Poland,43100.0,2018
1641,January,Portugal,17900.0,2018
1643,January,Switzerland,16200.0,2018
1645,January,US,79500.0,2018
1647,January,UAE,32100.0,2018
1649,February,UK,517299.99999999994,2018
1651,February,Belgium,19100.0,2018
1652,February,Germany,73300.0,2018
1653,February,Spain,93900.0,2018
1654,February,France,60900.0,2018
1655,February,Italy,37600.0,2018
1656,February,Netherlands,54400.0,2018
1657,February,Poland,33000.0,2018
1658,February,Portugal,16300.0,2018
1660,February,Switzerland,16000.0,2018
1662,February,US,68800.0,2018
1664,February,UAE,24800.0,2018
1666,March,UK,593500.0,2018
1668,March,Belgium,20600.0,2018
1669,March,Germany,96600.0,2018
1670,March,Spain,116400.0,2018
1671,March,France,70100.0,2018
1672,March,Italy,44200.0,2018
1673,March,Netherlands,58400.0,2018
1674,March,Poland,34000.0,2018
1675,March,Portugal,20500.0,2018
1677,March,Switzerland,19000.0,2018
1679,March,US,122900.0,2018
1681,March,UAE,31000.0,2018
1683,April,UK,629300.0,2018
1685,April,Belgium,24000.0,2018
1686,April,Germany,108600.0,2018
1687,April,Spain,182300.0,2018
1688,April,France,105800.0,2018
1689,April,Italy,64300.0,2018
1690,April,Netherlands,66200.0,2018
1691,April,Poland,42900.0,2018
1692,April,Portugal,52500.0,2018
1694,April,Switzerland,20900.0,2018
1696,April,US,149200.0,2018
1698,April,UAE,35700.0,2018
1700,May,UK,664900.0,2018
1702,May,Belgium,22000.0,2018
1703,May,Germany,114800.0,2018
1704,May,Spain,204000.0,2018
1705,May,France,106400.0,2018
1706,May,Italy,63600.0,2018
1707,May,Netherlands,61200.0,2018
1708,May,Poland,42200.0,2018
1709,May,Portugal,63700.0,2018
1711,May,Switzerland,20100.0,2018
1713,May,US,193100.0,2018
1715,May,UAE,27400.0,2018
1717,June,UK,637400.0,2018
1719,June,Belgium,20500.0,2018
1720,June,Germany,110600.0,2018
1721,June,Spain,260600.00000000003,2018
1722,June,France,126100.0,2018
1723,June,Italy,82400.0,2018
1724,June,Netherlands,62300.0,2018
1725,June,Poland,40600.0,2018
1726,June,Portugal,70800.0,2018
1728,June,Switzerland,21900.0,2018
1730,June,US,216100.0,2018
1732,June,UAE,30000.0,2018
1734,July,UK,790400.0,2018
1736,July,Belgium,22700.0,2018
1737,July,Germany,131600.0,2018
1738,July,Spain,286100.0,2018
1739,July,France,156500.0,2018
1740,July,Italy,94000.0,2018
1741,July,Netherlands,71000.0,2018
1742,July,Poland,43300.0,2018
1743,July,Portugal,75100.0,2018
1745,July,Switzerland,28000.0,2018
1747,July,US,199200.0,2018
1749,July,UAE,35200.0,2018
1751,August,UK,810100.0,2018
1753,August,Belgium,22000.0,2018
1754,August,Germany,132900.0,2018
1755,August,Spain,264300.0,2018
1756,August,France,145200.0,2018
1757,August,Italy,88100.0,2018
1758,August,Netherlands,65200.0,2018
1759,August,Poland,45000.0,2018
1760,August,Portugal,73400.0,2018
1762,August,Switzerland,26700.0,2018
1764,August,US,215600.0,2018
1766,August,UAE,37800.0,2018
1768,September,UK,608000.0,2018
1770,September,Belgium,21300.0,2018
1771,September,Germany,119600.0,2018
1772,September,Spain,229000.0,2018
1773,September,France,111000.0,2018
1774,September,Italy,78900.0,2018
1775,September,Netherlands,61800.0,2018
1776,September,Poland,42600.0,2018
1777,September,Portugal,68900.0,2018
1779,September,Switzerland,22100.0,2018
1781,September,US,198200.0,2018
1783,September,UAE,32400.0,2018
1785,October,UK,633000.0,2018
1787,October,Belgium,20400.0,2018
1788,October,Germany,112600.0,2018
1789,October,Spain,206600.0,2018
1790,October,France,90800.0,2018
1791,October,Italy,67200.0,2018
1792,October,Netherlands,64599.99999999999,2018
1793,October,Poland,43100.0,2018
1794,October,Portugal,60100.0,2018
1796,October,Switzerland,21100.0,2018
1798,October,US,164600.0,2018
1800,October,UAE,22400.0,2018
1802,November,UK,584700.0,2018
1804,November,Belgium,22600.0,2018
1805,November,Germany,90000.0,2018
1806,November,Spain,122800.0,2018
1807,November,France,62800.0,2018
1808,November,Italy,42700.0,2018
1809,November,Netherlands,59100.0,2018
1810,November,Poland,38600.0,2018
1811,November,Portugal,25200.0,2018
1813,November,Switzerland,13700.0,2018
1815,November,US,134400.0,2018
1817,November,UAE,26800.0,2018
1819,December,UK,608200.0,2018
1821,December,Belgium,21400.0,2018
1822,December,Germany,91700.0,2018
1823,December,Spain,96700.0,2018
1824,December,France,62000.0,2018
1825,December,Italy,37800.0,2018
1826,December,Netherlands,56300.0,2018
1827,December,Poland,39400.0,2018
1828,December,Portugal,18100.0,2018
1830,December,Switzerland,16600.0,2018
1832,December,US,129500.0,2018
1834,December,UAE,28400.0,2018
1836,January,UK,491800.0,2019
1838,January,Belgium,19300.0,2019
1839,January,Germany,82500.0,2019
1840,January,Spain,121300.0,2019
1841,January,France,64700.0,2019
1842,January,Italy,40200.0,2019
1843,January,Netherlands,56200.0,2019
1844,January,Poland,44500.0,2019
1845,January,Portugal,22400.0,2019
1847,January,Switzerland,17300.0,2019
1849,January,US,90500.0,2019
1851,January,UAE,29000.0,2019
1853,February,UK,526800.0,2019
1855,February,Belgium,20000.0,2019
1856,February,Germany,81800.0,2019
1857,February,Spain,107500.0,2019
1858,February,France,62800.0,2019
1859,February,Italy,43900.0,2019
1860,February,Netherlands,54900.0,2019
1861,February,Poland,35600.0,2019
1862,February,Portugal,20200.0,2019
1864,February,Switzerland,16900.0,2019
1866,February,US,76900.0,2019
1868,February,UAE,21200.0,2019
1870,March,UK,610200.0,2019
1872,March,Belgium,23300.0,2019
1873,March,Germany,104300.0,2019
1874,March,Spain,137200.0,2019
1875,March,France,87800.0,2019
1876,March,Italy,48600.0,2019
1877,March,Netherlands,63100.0,2019
1878,March,Poland,40100.0,2019
1879,March,Portugal,26100.0,2019
1881,March,Switzerland,20500.0,2019
1883,March,US,133000.0,2019
1885,March,UAE,26300.0,2019
1887,April,UK,661700.0,2019
1889,April,Belgium,22100.0,2019
1890,April,Germany,116800.0,2019
1891,April,Spain,195900.0,2019
1892,April,France,114600.0,2019
1893,April,Italy,65700.0,2019
1894,April,Netherlands,63700.0,2019
1895,April,Poland,43100.0,2019
1896,April,Portugal,61100.0,2019
1898,April,Switzerland,22200.0,2019
1900,April,US,154500.0,2019
1902,April,UAE,25900.0,2019
1904,May,UK,666700.0,2019
1906,May,Belgium,21100.0,2019
1907,May,Germany,113400.0,2019
1908,May,Spain,215400.0,2019
1909,May,France,107400.0,2019
1910,May,Italy,70400.0,2019
1911,May,Netherlands,62300.0,2019
1912,May,Poland,44200.0,2019
1913,May,Portugal,75000.0,2019
1915,May,Switzerland,22100.0,2019
1917,May,US,199100.0,2019
1919,May,UAE,24300.0,2019
1921,June,UK,642500.0,2019
1923,June,Belgium,19700.0,2019
1924,June,Germany,113500.0,2019
1925,June,Spain,267500.0,2019
1926,June,France,128400.0,2019
1927,June,Italy,86100.0,2019
1928,June,Netherlands,61900.0,2019
1929,June,Poland,40200.0,2019
1930,June,Portugal,82100.0,2019
1932,June,Switzerland,23300.0,2019
1934,June,US,214700.0,2019
1936,June,UAE,28500.0,2019
1938,July,UK,798200.0,2019
1940,July,Belgium,21800.0,2019
1941,July,Germany,126200.0,2019
1942,July,Spain,292900.0,2019
1943,July,France,160400.0,2019
1944,July,Italy,101200.0,2019
1945,July,Netherlands,70100.0,2019
1946,July,Poland,43000.0,2019
1947,July,Portugal,92500.0,2019
1949,July,Switzerland,28100.0,2019
1951,July,US,199700.0,2019
1953,July,UAE,33600.0,2019
1955,August,UK,799000.0,2019
1957,August,Belgium,20000.0,2019
1958,August,Germany,126100.0,2019
1959,August,Spain,301900.0,2019
1960,August,France,151200.0,2019
1961,August,Italy,99600.0,2019
1962,August,Netherlands,64400.00000000001,2019
1963,August,Poland,45700.0,2019
1964,August,Portugal,95600.0,2019
1966,August,Switzerland,26700.0,2019
1968,August,US,214900.0,2019
1970,August,UAE,37000.0,2019
1972,September,UK,607600.0,2019
1974,September,Belgium,19500.0,2019
1975,September,Germany,114400.0,2019
1976,September,Spain,244700.0,2019
1977,September,France,111500.0,2019
1978,September,Italy,84800.0,2019
1979,September,Netherlands,62000.0,2019
1980,September,Poland,43000.0,2019
1981,September,Portugal,86900.0,2019
1983,September,Switzerland,23400.0,2019
1985,September,US,200400.0,2019
1987,September,UAE,28500.0,2019
1989,October,UK,629700.0,2019
1991,October,Belgium,22300.0,2019
1992,October,Germany,107300.0,2019
1993,October,Spain,224300.0,2019
1994,October,France,94000.0,2019
1995,October,Italy,74400.0,2019
1996,October,Netherlands,64400.00000000001,2019
1997,October,Poland,44800.0,2019
1998,October,Portugal,68100.0,2019
2000,October,Switzerland,21600.0,2019
2002,October,US,157800.0,2019
2004,October,UAE,22500.0,2019
2006,November,UK,572200.0,2019
2008,November,Belgium,21600.0,2019
2009,November,Germany,83200.0,2019
2010,November,Spain,127700.0,2019
2011,November,France,63800.0,2019
2012,November,Italy,49700.0,2019
2013,November,Netherlands,60900.0,2019
2014,November,Poland,42900.0,2019
2015,November,Portugal,29100.0,2019
2017,November,Switzerland,13400.0,2019
2019,November,US,124700.0,2019
2021,November,UAE,25300.0,2019
2023,December,UK,621200.0,2019
2025,December,Belgium,21500.0,2019
2026,December,Germany,86900.0,2019
2027,December,Spain,99300.0,2019
2028,December,France,63700.0,2019
2029,December,Italy,41600.0,2019
2030,December,Netherlands,57700.0,2019
2031,December,Poland,45000.0,2019
2032,December,Portugal,23400.0,2019
2034,December,Switzerland,15800.0,2019
2036,December,US,125700.0,2019
2038,December,UAE,28800.0,2019
2040,January,UK,498700.0,2020
2042,January,Belgium,19200.0,2020
2043,January,Germany,76900.0,2020
2044,January,Spain,119500.0,2020
2045,January,France,66800.0,2020
2046,January,Italy,47200.0,2020
2047,January,Netherlands,57200.0,2020
2048,January,Poland,49600.0,2020
2049,January,Portugal,28400.0,2020
2051,January,Switzerland,18000.0,2020
2053,January,US,92500.0,2020
2055,January,UAE,28500.0,2020
2057,February,UK,532600.0,2020
2059,February,Belgium,19700.0,2020
2060,February,Germany,75700.0,2020
2061,February,Spain,110100.0,2020
2062,February,France,64200.0,2020
2063,February,Italy,43800.0,2020
2064,February,Netherlands,56900.0,2020
2065,February,Poland,41300.0,2020
2066,February,Portugal,25800.0,2020
2068,February,Switzerland,17900.0,2020
2070,February,US,80900.0,2020
2072,February,UAE,24500.0,2020
2074,March,UK,272300.0,2020
2076,March,Belgium,8300.0,2020
2077,March,Germany,36100.0,2020
2078,March,Spain,67600.0,2020
2079,March,France,32600.0,2020
2080,March,Italy,5600.0,2020
2081,March,Netherlands,27200.0,2020
2082,March,Poland,19100.0,2020
2083,March,Portugal,15800.0,2020
2085,March,Switzerland,8300.0,2020
2087,March,US,54400.0,2020
2089,March,UAE,19000.0,2020
2091,April,UK,9300.0,2020
2093,April,Belgium,100.0,2020
2094,April,Germany,600.0,2020
2095,April,Spain,0.0,2020
2096,April,France,600.0,2020
2097,April,Italy,0.0,2020
2098,April,Netherlands,1200.0,2020
2099,April,Poland,100.0,2020
2100,April,Portugal,200.0,2020
2102,April,Switzerland,0.0,2020
2104,April,US,1100.0,2020
2106,April,UAE,100.0,2020
2108,May,UK,16400.0,2020
2110,May,Belgium,300.0,2020
2111,May,Germany,1400.0,2020
2112,May,Spain,100.0,2020
2113,May,France,1400.0,2020
2114,May,Italy,0.0,2020
2115,May,Netherlands,2700.0,2020
2116,May,Poland,100.0,2020
2117,May,Portugal,700.0,2020
2119,May,Switzerland,0.0,2020
2121,May,US,1700.0,2020
2123,May,UAE,100.0,2020
2125,June,UK,32299.999999999996,2020
2127,June,Belgium,600.0,2020
2128,June,Germany,3900.0,2020
2129,June,Spain,900.0,2020
2130,June,France,3000.0,2020
2131,June,Italy,400.0,2020
2132,June,Netherlands,4400.0,2020
2133,June,Poland,400.0,2020
2134,June,Portugal,1500.0,2020
2136,June,Switzerland,500.0,2020
2138,June,US,3700.0,2020
2140,June,UAE,900.0,2020
2142,July,UK,97100.0,2020
2144,July,Belgium,2700.0,2020
2145,July,Germany,9800.0,2020
2146,July,Spain,23000.0,2020
2147,July,France,13200.0,2020
2148,July,Italy,6900.0,2020
2149,July,Netherlands,9400.0,2020
2150,July,Poland,12700.0,2020
2151,July,Portugal,7400.0,2020
2153,July,Switzerland,2500.0,2020
2155,July,US,8100.0,2020
2157,July,UAE,3600.0,2020
2159,August,UK,112600.0,2020
2161,August,Belgium,2400.0,2020
2162,August,Germany,17000.0,2020
2163,August,Spain,33600.0,2020
2164,August,France,22000.0,2020
2165,August,Italy,27300.0,2020
2166,August,Netherlands,13000.0,2020
2167,August,Poland,31700.0,2020
2168,August,Portugal,13000.0,2020
2170,August,Switzerland,2900.0,2020
2172,August,US,10100.0,2020
2174,August,UAE,2700.0,2020
2176,September,UK,77000.0,2020
2178,September,Belgium,1800.0,2020
2179,September,Germany,12300.0,2020
2180,September,Spain,19000.0,2020
2181,September,France,14400.0,2020
2182,September,Italy,22400.0,2020
2183,September,Netherlands,12200.0,2020
2184,September,Poland,19600.0,2020
2185,September,Portugal,11700.0,2020
2187,September,Switzerland,1500.0,2020
2189,September,US,8600.0,2020
2191,September,UAE,2600.0,2020
2193,October,UK,56400.0,2020
2195,October,Belgium,1500.0,2020
2196,October,Germany,7000.0,2020
2197,October,Spain,13700.0,2020
2198,October,France,7700.0,2020
2199,October,Italy,6600.0,2020
2200,October,Netherlands,8900.0,2020
2201,October,Poland,13500.0,2020
2202,October,Portugal,6600.0,2020
2204,October,Switzerland,700.0,2020
2206,October,US,5100.0,2020
2208,October,UAE,1900.0,2020
2210,November,UK,38800.0,2020
2212,November,Belgium,900.0,2020
2213,November,Germany,2500.0,2020
2214,November,Spain,12000.0,2020
2215,November,France,3800.0,2020
2216,November,Italy,1600.0,2020
2217,November,Netherlands,8600.0,2020
2218,November,Poland,8100.0,2020
2219,November,Portugal,4700.0,2020
2221,November,Switzerland,200.0,2020
2223,November,US,4000.0,2020
2225,November,UAE,2100.0,2020
2227,December,UK,65099.99999999999,2020
2229,December,Belgium,2200.0,2020
2230,December,Germany,5600.0,2020
2231,December,Spain,13100.0,2020
2232,December,France,8700.0,2020
2233,December,Italy,2100.0,2020
2234,December,Netherlands,14700.0,2020
2235,December,Poland,11200.0,2020
2236,December,Portugal,5400.0,2020
2238,December,Switzerland,1500.0,2020
2240,December,US,10000.0,2020
2242,December,UAE,4600.0,2020
2244,January,UK,15100.0,2021
2246,January,Belgium,1000.0,2021
2247,January,Germany,5000.0,2021
2248,January,Spain,14700.0,2021
2249,January,France,9800.0,2021
2250,January,Italy,3200.0,2021
2251,January,Netherlands,9200.0,2021
2252,January,Poland,11300.0,2021
2253,January,Portugal,6300.0,2021
2255,January,Switzerland,1200.0,2021
2257,January,US,4100.0,2021
2259,January,UAE,3900.0,2021
2261,February,UK,13200.0,2021
2263,February,Belgium,400.0,2021
2264,February,Germany,1800.0,2021
2265,February,Spain,5600.0,2021
2266,February,France,4700.0,2021
2267,February,Italy,1100.0,2021
2268,February,Netherlands,5200.0,2021
2269,February,Poland,3800.0,2021
2270,February,Portugal,1400.0,2021
2272,February,Switzerland,100.0,2021
2274,February,US,2000.0,2021
2276,February,UAE,4100.0,2021
2278,March,UK,17500.0,2021
2280,March,Belgium,500.0,2021
2281,March,Germany,2300.0,2021
2282,March,Spain,5900.0,2021
2283,March,France,5100.0,2021
2284,March,Italy,1400.0,2021
2285,March,Netherlands,5200.0,2021
2286,March,Poland,4500.0,2021
2287,March,Portugal,1300.0,2021
2289,March,Switzerland,200.0,2021
2291,March,US,2700.0,2021
2293,March,UAE,1800.0,2021
2295,April,UK,21600.0,2021
2297,April,Belgium,400.0,2021
2298,April,Germany,3200.0,2021
2299,April,Spain,6300.0,2021
2300,April,France,4000.0,2021
2301,April,Italy,800.0,2021
2302,April,Netherlands,7300.0,2021
2303,April,Poland,4700.0,2021
2304,April,Portugal,1900.0,2021
2306,April,Switzerland,500.0,2021
2308,April,US,3300.0,2021
2310,April,UAE,700.0,2021
2312,May,UK,32400.0,2021
2314,May,Belgium,0.0,2021
2315,May,Germany,3400.0,2021
2316,May,Spain,6800.0,2021
2317,May,France,1500.0,2021
2318,May,Italy,800.0,2021
2319,May,Netherlands,8200.0,2021
2320,May,Poland,6500.0,2021
2321,May,Portugal,2800.0,2021
2323,May,Switzerland,700.0,2021
2325,May,US,4900.0,2021
2327,May,UAE,700.0,2021
2329,June,UK,57700.0,2021
2331,June,Belgium,1200.0,2021
2332,June,Germany,6800.0,2021
2333,June,Spain,14500.0,2021
2334,June,France,5600.0,2021
2335,June,Italy,4800.0,2021
2336,June,Netherlands,10000.0,2021
2337,June,Poland,12500.0,2021
2338,June,Portugal,5400.0,2021
2340,June,Switzerland,1300.0,2021
2342,June,US,11000.0,2021
2344,June,UAE,1400.0,2021
2346,July,UK,122700.0,2021
2348,July,Belgium,4000.0,2021
2349,July,Germany,17200.0,2021
2350,July,Spain,42300.0,2021
2351,July,France,23100.0,2021
2352,July,Italy,14900.0,2021
2353,July,Netherlands,18500.0,2021
2354,July,Poland,26000.0,2021
2355,July,Portugal,13100.0,2021
2357,July,Switzerland,5100.0,2021
2359,July,US,26700.0,2021
2361,July,UAE,7000.0,2021
2363,August,UK,247100.0,2021
2365,August,Belgium,8800.0,2021
2366,August,Germany,38200.0,2021
2367,August,Spain,132100.0,2021
2368,August,France,57100.0,2021
2369,August,Italy,41800.0,2021
2370,August,Netherlands,29200.0,2021
2371,August,Poland,43200.0,2021
2372,August,Portugal,42200.0,2021
2374,August,Switzerland,8600.0,2021
2376,August,US,39900.0,2021
2378,August,UAE,5100.0,2021
2380,September,UK,252500.0,2021
2382,September,Belgium,10100.0,2021
2383,September,Germany,38600.0,2021
2384,September,Spain,128800.00000000001,2021
2385,September,France,53000.0,2021
2386,September,Italy,43800.0,2021
2387,September,Netherlands,30200.0,2021
2388,September,Poland,34200.0,2021
2389,September,Portugal,48300.0,2021
2391,September,Switzerland,7700.0,2021
2393,September,US,36500.0,2021
2395,September,UAE,7200.0,2021
2397,October,UK,314200.0,2021
2399,October,Belgium,12700.0,2021
2400,October,Germany,46800.0,2021
2401,October,Spain,152200.0,2021
2402,October,France,58900.0,2021
2403,October,Italy,49300.0,2021
2404,October,Netherlands,34800.0,2021
2405,October,Poland,33600.0,2021
2406,October,Portugal,53000.0,2021
2408,October,Switzerland,9800.0,2021
2410,October,US,32800.0,2021
2412,October,UAE,8800.0,2021
2414,November,UK,313800.0,2021
2416,November,Belgium,13300.0,2021
2417,November,Germany,45800.0,2021
2418,November,Spain,94700.0,2021
2419,November,France,43900.0,2021
2420,November,Italy,35200.0,2021
2421,November,Netherlands,38300.0,2021
2422,November,Poland,33900.0,2021
2423,November,Portugal,26900.0,2021
2425,November,Switzerland,8100.0,2021
2427,November,US,32200.000000000004,2021
2429,November,UAE,9700.0,2021
2431,December,UK,285400.0,2021
2433,December,Belgium,10200.0,2021
2434,December,Germany,38200.0,2021
2435,December,Spain,69400.0,2021
2436,December,France,39400.0,2021
2437,December,Italy,22300.0,2021
2438,December,Netherlands,33100.0,2021
2439,December,Poland,27300.0,2021
2440,December,Portugal,16100.000000000002,2021
2442,December,Switzerland,8000.0,2021
2444,December,US,49000.0,2021
2446,December,UAE,11600.0,2021
2448,January,UK,164700.0,2022
2450,January,Belgium,7700.0,2022
2451,January,Germany,31600.0,2022
2452,January,Spain,88900.0,2022
2453,January,France,39100.0,2022
2454,January,Italy,26100.0,2022
2455,January,Netherlands,26300.0,2022
2456,January,Poland,34100.0,2022
2457,January,Portugal,17700.0,2022
2459,January,Switzerland,10900.0,2022
2461,January,US,34700.0,2022
2463,January,UAE,10300.0,2022
2465,February,UK,318500.0,2022
2467,February,Belgium,11900.0,2022
2468,February,Germany,40900.0,2022
2469,February,Spain,94100.0,2022
2470,February,France,52300.0,2022
2471,February,Italy,33000.0,2022
2472,February,Netherlands,39100.0,2022
2473,February,Poland,29900.0,2022
2474,February,Portugal,21800.0,2022
2476,February,Switzerland,12200.0,2022
2478,February,US,34500.0,2022
2480,February,UAE,11100.0,2022
2482,March,UK,426900.0,2022
2484,March,Belgium,16500.0,2022
2485,March,Germany,63700.0,2022
2486,March,Spain,121600.0,2022
2487,March,France,64000.0,2022
2488,March,Italy,48300.0,2022
2489,March,Netherlands,55300.0,2022
2490,March,Poland,41100.0,2022
2491,March,Portugal,32800.0,2022
2493,March,Switzerland,16800.0,2022
2495,March,US,78400.0,2022
2497,March,UAE,14800.0,2022
2499,April,UK,548300.0,2022
2501,April,Belgium,18700.0,2022
2502,April,Germany,77100.0,2022
2503,April,Spain,197600.0,2022
2504,April,France,103200.0,2022
2505,April,Italy,75100.0,2022
2506,April,Netherlands,59300.0,2022
2507,April,Poland,38900.0,2022
2508,April,Portugal,63800.0,2022
2510,April,Switzerland,17800.0,2022
2512,April,US,110500.0,2022
2514,April,UAE,15600.0,2022
2516,May,UK,536200.0,2022
2518,May,Belgium,18500.0,2022
2519,May,Germany,84700.0,2022
2520,May,Spain,220200.0,2022
2521,May,France,107400.0,2022
2522,May,Italy,77500.0,2022
2523,May,Netherlands,59400.0,2022
2524,May,Poland,43300.0,2022
2525,May,Portugal,76800.0,2022
2527,May,Switzerland,16000.0,2022
2529,May,US,151100.0,2022
2531,May,UAE,16600.0,2022
2533,June,UK,530600.0,2022
2535,June,Belgium,18000.0,2022
2536,June,Germany,87500.0,2022
2537,June,Spain,250800.0,2022
2538,June,France,114300.0,2022
2539,June,Italy,92400.0,2022
2540,June,Netherlands,59600.0,2022
2541,June,Poland,39700.0,2022
2542,June,Portugal,82600.0,2022
2544,June,Switzerland,20400.0,2022
2546,June,US,174600.0,2022
2548,June,UAE,17500.0,2022
2550,July,UK,661200.0,2022
2552,July,Belgium,22000.0,2022
2553,July,Germany,99700.0,2022
2554,July,Spain,277200.0,2022
2555,July,France,153300.0,2022
2556,July,Italy,104600.0,2022
2557,July,Netherlands,53600.0,2022
2558,July,Poland,41200.0,2022
2559,July,Portugal,86300.0,2022
2561,July,Switzerland,27000.0,2022
2563,July,US,176600.0,2022
2565,July,UAE,21700.0,2022
2567,August,UK,689700.0,2022
2569,August,Belgium,21400.0,2022
2570,August,Germany,102600.0,2022
2571,August,Spain,286100.0,2022
2572,August,France,153800.0,2022
2573,August,Italy,105500.0,2022
2574,August,Netherlands,56200.0,2022
2575,August,Poland,43200.0,2022
2576,August,Portugal,89500.0,2022
2578,August,Switzerland,26600.0,2022
2580,August,US,180500.0,2022
2582,August,UAE,20800.0,2022
2584,September,UK,525200.0,2022
2586,September,Belgium,19800.0,2022
2587,September,Germany,89700.0,2022
2588,September,Spain,250200.0,2022
2589,September,France,114500.0,2022
2590,September,Italy,94300.0,2022
2591,September,Netherlands,57100.0,2022
2592,September,Poland,39900.0,2022
2593,September,Portugal,82500.0,2022
2595,September,Switzerland,23200.0,2022
2597,September,US,173200.0,2022
2599,September,UAE,28900.0,2022
